,url,sentiment,isExperiential,isPolitical,isInsult,topics
1359541801925939211,"https://docs.google.com/forms/d/e/1FAIpQLSffZugycOX3tUHW3uGhn5Cw0pj0fJDeIQf5oJ3EzZ-2vuj6Gg/viewform?entry.1274744182=https://twitter.com/nur_ateskir/status/1359541801925939211&entry.653903203=22534&usp=pp_url
",Negative,No,No,Yes,"['Economy', 'Inflation&poverty', 'Unemployment']"
1585634359612420101,"https://docs.google.com/forms/d/e/1FAIpQLSffZugycOX3tUHW3uGhn5Cw0pj0fJDeIQf5oJ3EzZ-2vuj6Gg/viewform?entry.1274744182=https://twitter.com/mustafasenol45/status/1585634359612420101&entry.653903203=22534&usp=pp_url
",Negative,No,Yes,No,"['Democracy', 'Election', 'Crime&justice', 'Nationalsecurity']"
1590380120778285057,"https://docs.google.com/forms/d/e/1FAIpQLSffZugycOX3tUHW3uGhn5Cw0pj0fJDeIQf5oJ3EzZ-2vuj6Gg/viewform?entry.1274744182=https://twitter.com/ahmettt_5561/status/1590380120778285057&entry.653903203=22534&usp=pp_url
",Neutral,No,Yes,Yes,"['Democracy', 'Election', 'Crime&justice']"
1597512443328167936,"https://docs.google.com/forms/d/e/1FAIpQLSffZugycOX3tUHW3uGhn5Cw0pj0fJDeIQf5oJ3EzZ-2vuj6Gg/viewform?entry.1274744182=https://twitter.com/MehmetA41362904/status/1597512443328167936&entry.653903203=22534&usp=pp_url
",Negative,No,Yes,Yes,"['Democracy', 'Crime&justice', 'Immigration&refugees', 'Nationalsecurity']"
1351645835495354372,"https://docs.google.com/forms/d/e/1FAIpQLSffZugycOX3tUHW3uGhn5Cw0pj0fJDeIQf5oJ3EzZ-2vuj6Gg/viewform?entry.1274744182=https://twitter.com/cayciyiz/status/1351645835495354372&entry.653903203=22534&usp=pp_url
",Positive,No,No,No,['Music&TV']
1591130555424571393,"https://docs.google.com/forms/d/e/1FAIpQLSffZugycOX3tUHW3uGhn5Cw0pj0fJDeIQf5oJ3EzZ-2vuj6Gg/viewform?entry.1274744182=https://twitter.com/FightForAnimalz/status/1591130555424571393&entry.653903203=22534&usp=pp_url
",,,,,
1594813701127041024,"https://docs.google.com/forms/d/e/1FAIpQLSffZugycOX3tUHW3uGhn5Cw0pj0fJDeIQf5oJ3EzZ-2vuj6Gg/viewform?entry.1274744182=https://twitter.com/SemraDemirdag1/status/1594813701127041024&entry.653903203=22534&usp=pp_url
",Negative,Yes,Yes,Yes,"['Unemployment', 'Corruption', 'Democracy']"
1589264502771499008,"https://docs.google.com/forms/d/e/1FAIpQLSffZugycOX3tUHW3uGhn5Cw0pj0fJDeIQf5oJ3EzZ-2vuj6Gg/viewform?entry.1274744182=https://twitter.com/user95041891/status/1589264502771499008&entry.653903203=22534&usp=pp_url
",Negative,No,Yes,No,"['Democracy', 'Nationalsecurity']"
1592601354362818561,"https://docs.google.com/forms/d/e/1FAIpQLSffZugycOX3tUHW3uGhn5Cw0pj0fJDeIQf5oJ3EzZ-2vuj6Gg/viewform?entry.1274744182=https://twitter.com/kkedissever/status/1592601354362818561&entry.653903203=22534&usp=pp_url
",Neutral,No,Yes,No,"['Unemployment', 'Democracy']"
1589898896536281088,"https://docs.google.com/forms/d/e/1FAIpQLSffZugycOX3tUHW3uGhn5Cw0pj0fJDeIQf5oJ3EzZ-2vuj6Gg/viewform?entry.1274744182=https://twitter.com/BBahadirErdem/status/1589898896536281088&entry.653903203=22534&usp=pp_url
",Neutral,Yes,Yes,No,"['Democracy', 'Election']"
1577024342268837888,"https://docs.google.com/forms/d/e/1FAIpQLSffZugycOX3tUHW3uGhn5Cw0pj0fJDeIQf5oJ3EzZ-2vuj6Gg/viewform?entry.1274744182=https://twitter.com/HasAngarali/status/1577024342268837888&entry.653903203=22534&usp=pp_url
",,,,,
1359981030288068616,"https://docs.google.com/forms/d/e/1FAIpQLSffZugycOX3tUHW3uGhn5Cw0pj0fJDeIQf5oJ3EzZ-2vuj6Gg/viewform?entry.1274744182=https://twitter.com/buketiminimin/status/1359981030288068616&entry.653903203=22534&usp=pp_url
",Negative,Yes,Yes,No,"['Unemployment', 'Democracy']"
1576657580943806464,"https://docs.google.com/forms/d/e/1FAIpQLSffZugycOX3tUHW3uGhn5Cw0pj0fJDeIQf5oJ3EzZ-2vuj6Gg/viewform?entry.1274744182=https://twitter.com/odyologbiri0/status/1576657580943806464&entry.653903203=22534&usp=pp_url
",Neutral,Yes,Yes,No,"['Unemployment', 'Democracy']"
1594399125898162177,"https://docs.google.com/forms/d/e/1FAIpQLSffZugycOX3tUHW3uGhn5Cw0pj0fJDeIQf5oJ3EzZ-2vuj6Gg/viewform?entry.1274744182=https://twitter.com/eliff1909/status/1594399125898162177&entry.653903203=22534&usp=pp_url
",,,,,
1402308190101020674,"https://docs.google.com/forms/d/e/1FAIpQLSffZugycOX3tUHW3uGhn5Cw0pj0fJDeIQf5oJ3EzZ-2vuj6Gg/viewform?entry.1274744182=https://twitter.com/Raumohir/status/1402308190101020674&entry.653903203=22534&usp=pp_url
",Neutral,No,No,No,['Music&TV']
1377974071430877184,"https://docs.google.com/forms/d/e/1FAIpQLSffZugycOX3tUHW3uGhn5Cw0pj0fJDeIQf5oJ3EzZ-2vuj6Gg/viewform?entry.1274744182=https://twitter.com/bursaselin16/status/1377974071430877184&entry.653903203=22534&usp=pp_url
",Neutral,No,No,No,['Music&TV']
1577952287867260941,"https://docs.google.com/forms/d/e/1FAIpQLSffZugycOX3tUHW3uGhn5Cw0pj0fJDeIQf5oJ3EzZ-2vuj6Gg/viewform?entry.1274744182=https://twitter.com/radyolojikadro/status/1577952287867260941&entry.653903203=22534&usp=pp_url
",,,,,
1429598991952617473,"https://docs.google.com/forms/d/e/1FAIpQLSffZugycOX3tUHW3uGhn5Cw0pj0fJDeIQf5oJ3EzZ-2vuj6Gg/viewform?entry.1274744182=https://twitter.com/ismailtekint/status/1429598991952617473&entry.653903203=22534&usp=pp_url
",Negative,Yes,Yes,Yes,"['Democracy', 'Election', 'Crime&justice']"
1591100234658381826,"https://docs.google.com/forms/d/e/1FAIpQLSffZugycOX3tUHW3uGhn5Cw0pj0fJDeIQf5oJ3EzZ-2vuj6Gg/viewform?entry.1274744182=https://twitter.com/Can25422934/status/1591100234658381826&entry.653903203=22534&usp=pp_url
",Neutral,Yes,Yes,No,"['Unemployment', 'Democracy', 'Crime&justice']"
1591509100231364608,"https://docs.google.com/forms/d/e/1FAIpQLSffZugycOX3tUHW3uGhn5Cw0pj0fJDeIQf5oJ3EzZ-2vuj6Gg/viewform?entry.1274744182=https://twitter.com/kurtarma18/status/1591509100231364608&entry.653903203=22534&usp=pp_url
",Negative,Yes,Yes,Yes,['Economy']
1592033849873432576,"https://docs.google.com/forms/d/e/1FAIpQLSffZugycOX3tUHW3uGhn5Cw0pj0fJDeIQf5oJ3EzZ-2vuj6Gg/viewform?entry.1274744182=https://twitter.com/Aysa_2021/status/1592033849873432576&entry.653903203=22534&usp=pp_url
",Negative,Yes,Yes,Yes,"['Democracy', 'Crime&justice']"
1588050982314844161,"https://docs.google.com/forms/d/e/1FAIpQLSffZugycOX3tUHW3uGhn5Cw0pj0fJDeIQf5oJ3EzZ-2vuj6Gg/viewform?entry.1274744182=https://twitter.com/1_bennim/status/1588050982314844161&entry.653903203=22534&usp=pp_url
",,,,,
1354469995451985920,"https://docs.google.com/forms/d/e/1FAIpQLSffZugycOX3tUHW3uGhn5Cw0pj0fJDeIQf5oJ3EzZ-2vuj6Gg/viewform?entry.1274744182=https://twitter.com/Yassintaha940/status/1354469995451985920&entry.653903203=22534&usp=pp_url
",Positive,No,No,No,['Religion']
1594265434685341697,"https://docs.google.com/forms/d/e/1FAIpQLSffZugycOX3tUHW3uGhn5Cw0pj0fJDeIQf5oJ3EzZ-2vuj6Gg/viewform?entry.1274744182=https://twitter.com/sleepin1972/status/1594265434685341697&entry.653903203=22534&usp=pp_url
",Negative,Yes,Yes,Yes,['Democracy']
1596696986396553216,"https://docs.google.com/forms/d/e/1FAIpQLSffZugycOX3tUHW3uGhn5Cw0pj0fJDeIQf5oJ3EzZ-2vuj6Gg/viewform?entry.1274744182=https://twitter.com/HarunKalayci_/status/1596696986396553216&entry.653903203=22534&usp=pp_url
",Positive,No,No,No,['Nationalsecurity']
1435308880460984320,"https://docs.google.com/forms/d/e/1FAIpQLSffZugycOX3tUHW3uGhn5Cw0pj0fJDeIQf5oJ3EzZ-2vuj6Gg/viewform?entry.1274744182=https://twitter.com/abdurrahimozer_/status/1435308880460984320&entry.653903203=22534&usp=pp_url
",,,,,
1592457315432935425,"https://docs.google.com/forms/d/e/1FAIpQLSffZugycOX3tUHW3uGhn5Cw0pj0fJDeIQf5oJ3EzZ-2vuj6Gg/viewform?entry.1274744182=https://twitter.com/iDealDataHaber/status/1592457315432935425&entry.653903203=22534&usp=pp_url
",Neutral,No,Yes,No,"['News', 'Democracy']"
1574174706273554439,"https://docs.google.com/forms/d/e/1FAIpQLSffZugycOX3tUHW3uGhn5Cw0pj0fJDeIQf5oJ3EzZ-2vuj6Gg/viewform?entry.1274744182=https://twitter.com/tedenow/status/1574174706273554439&entry.653903203=22534&usp=pp_url
",Negative,Yes,Yes,No,"['News', 'Corruption', 'Democracy']"
1571966189764579332,"https://docs.google.com/forms/d/e/1FAIpQLSffZugycOX3tUHW3uGhn5Cw0pj0fJDeIQf5oJ3EzZ-2vuj6Gg/viewform?entry.1274744182=https://twitter.com/ghostsolgiers/status/1571966189764579332&entry.653903203=22534&usp=pp_url
",Negative,Yes,Yes,Yes,['Democracy']
1589651442683744256,"https://docs.google.com/forms/d/e/1FAIpQLSffZugycOX3tUHW3uGhn5Cw0pj0fJDeIQf5oJ3EzZ-2vuj6Gg/viewform?entry.1274744182=https://twitter.com/0_murat_dogan_0/status/1589651442683744256&entry.653903203=22534&usp=pp_url
",Neutral,Yes,Yes,No,['Unemployment']
1384214069188521989,"https://docs.google.com/forms/d/e/1FAIpQLSffZugycOX3tUHW3uGhn5Cw0pj0fJDeIQf5oJ3EzZ-2vuj6Gg/viewform?entry.1274744182=https://twitter.com/morbulutlar21/status/1384214069188521989&entry.653903203=22534&usp=pp_url
",,,,,
1567137357110861827,"https://docs.google.com/forms/d/e/1FAIpQLSffZugycOX3tUHW3uGhn5Cw0pj0fJDeIQf5oJ3EzZ-2vuj6Gg/viewform?entry.1274744182=https://twitter.com/DevrimKRDLN/status/1567137357110861827&entry.653903203=22534&usp=pp_url
",Neutral,Yes,Yes,No,"['Education', 'Democracy']"
1591502546182746117,"https://docs.google.com/forms/d/e/1FAIpQLSffZugycOX3tUHW3uGhn5Cw0pj0fJDeIQf5oJ3EzZ-2vuj6Gg/viewform?entry.1274744182=https://twitter.com/ArtistokratKurd/status/1591502546182746117&entry.653903203=22534&usp=pp_url
",,,,,
1596394245874647040,"https://docs.google.com/forms/d/e/1FAIpQLSffZugycOX3tUHW3uGhn5Cw0pj0fJDeIQf5oJ3EzZ-2vuj6Gg/viewform?entry.1274744182=https://twitter.com/efendi_inan/status/1596394245874647040&entry.653903203=22534&usp=pp_url
",Negative,Yes,Yes,Yes,['Democracy']
1593301887696211968,"https://docs.google.com/forms/d/e/1FAIpQLSffZugycOX3tUHW3uGhn5Cw0pj0fJDeIQf5oJ3EzZ-2vuj6Gg/viewform?entry.1274744182=https://twitter.com/zoya8891/status/1593301887696211968&entry.653903203=22534&usp=pp_url
",,,,,
1373167655725711360,"https://docs.google.com/forms/d/e/1FAIpQLSffZugycOX3tUHW3uGhn5Cw0pj0fJDeIQf5oJ3EzZ-2vuj6Gg/viewform?entry.1274744182=https://twitter.com/summerwiinee/status/1373167655725711360&entry.653903203=22534&usp=pp_url
",Neutral,Yes,No,No,['Advertisement']
1420647686185885696,"https://docs.google.com/forms/d/e/1FAIpQLSffZugycOX3tUHW3uGhn5Cw0pj0fJDeIQf5oJ3EzZ-2vuj6Gg/viewform?entry.1274744182=https://twitter.com/serkanktekin/status/1420647686185885696&entry.653903203=22534&usp=pp_url
",,,,,
1594352902197354499,"https://docs.google.com/forms/d/e/1FAIpQLSffZugycOX3tUHW3uGhn5Cw0pj0fJDeIQf5oJ3EzZ-2vuj6Gg/viewform?entry.1274744182=https://twitter.com/mehay97/status/1594352902197354499&entry.653903203=22534&usp=pp_url
",Neutral,Yes,Yes,No,"['Unemployment', 'Education']"
1570428119609139201,"https://docs.google.com/forms/d/e/1FAIpQLSffZugycOX3tUHW3uGhn5Cw0pj0fJDeIQf5oJ3EzZ-2vuj6Gg/viewform?entry.1274744182=https://twitter.com/HamitElKelle/status/1570428119609139201&entry.653903203=22534&usp=pp_url
",Negative,Yes,Yes,Yes,"['Crime&justice', 'Nationalsecurity']"
1590060802954137600,"https://docs.google.com/forms/d/e/1FAIpQLSffZugycOX3tUHW3uGhn5Cw0pj0fJDeIQf5oJ3EzZ-2vuj6Gg/viewform?entry.1274744182=https://twitter.com/NakibogluSaba/status/1590060802954137600&entry.653903203=22534&usp=pp_url
",Negative,Yes,Yes,Yes,['Democracy']
1591741171029708803,"https://docs.google.com/forms/d/e/1FAIpQLSffZugycOX3tUHW3uGhn5Cw0pj0fJDeIQf5oJ3EzZ-2vuj6Gg/viewform?entry.1274744182=https://twitter.com/mengenlee1/status/1591741171029708803&entry.653903203=22534&usp=pp_url
",Neutral,Yes,Yes,No,"['Economy', 'Inflation&poverty']"
1594056267999346690,"https://docs.google.com/forms/d/e/1FAIpQLSffZugycOX3tUHW3uGhn5Cw0pj0fJDeIQf5oJ3EzZ-2vuj6Gg/viewform?entry.1274744182=https://twitter.com/ygzunsl/status/1594056267999346690&entry.653903203=22534&usp=pp_url
",Neutral,Yes,Yes,No,['Crime&justice']
1402713662717108228,"https://docs.google.com/forms/d/e/1FAIpQLSffZugycOX3tUHW3uGhn5Cw0pj0fJDeIQf5oJ3EzZ-2vuj6Gg/viewform?entry.1274744182=https://twitter.com/Aye69765004/status/1402713662717108228&entry.653903203=22534&usp=pp_url
",,,,,
1588452263047069697,"https://docs.google.com/forms/d/e/1FAIpQLSffZugycOX3tUHW3uGhn5Cw0pj0fJDeIQf5oJ3EzZ-2vuj6Gg/viewform?entry.1274744182=https://twitter.com/mtfdan/status/1588452263047069697&entry.653903203=22534&usp=pp_url
",Negative,Yes,Yes,Yes,['Democracy']
1352635736537882629,"https://docs.google.com/forms/d/e/1FAIpQLSffZugycOX3tUHW3uGhn5Cw0pj0fJDeIQf5oJ3EzZ-2vuj6Gg/viewform?entry.1274744182=https://twitter.com/Limit_less_Life/status/1352635736537882629&entry.653903203=22534&usp=pp_url
",Negative,Yes,Yes,Yes,['Health']
1431649434526441481,"https://docs.google.com/forms/d/e/1FAIpQLSffZugycOX3tUHW3uGhn5Cw0pj0fJDeIQf5oJ3EzZ-2vuj6Gg/viewform?entry.1274744182=https://twitter.com/Attikrs/status/1431649434526441481&entry.653903203=22534&usp=pp_url
",Positive,Yes,Yes,No,['Democracy']
1588568792984346624,"https://docs.google.com/forms/d/e/1FAIpQLSffZugycOX3tUHW3uGhn5Cw0pj0fJDeIQf5oJ3EzZ-2vuj6Gg/viewform?entry.1274744182=https://twitter.com/Maviruh_/status/1588568792984346624&entry.653903203=22534&usp=pp_url
",Neutral,Yes,Yes,No,"['Unemployment', 'Education']"
1594409305779965953,"https://docs.google.com/forms/d/e/1FAIpQLSffZugycOX3tUHW3uGhn5Cw0pj0fJDeIQf5oJ3EzZ-2vuj6Gg/viewform?entry.1274744182=https://twitter.com/ebru112acm/status/1594409305779965953&entry.653903203=22534&usp=pp_url
",Negative,Yes,Yes,No,['Unemployment']
1592136272222494722,"https://docs.google.com/forms/d/e/1FAIpQLSffZugycOX3tUHW3uGhn5Cw0pj0fJDeIQf5oJ3EzZ-2vuj6Gg/viewform?entry.1274744182=https://twitter.com/25e3c4aeebf9495/status/1592136272222494722&entry.653903203=22534&usp=pp_url
",Negative,Yes,Yes,Yes,['Democracy']
1594747463696633856,"https://docs.google.com/forms/d/e/1FAIpQLSffZugycOX3tUHW3uGhn5Cw0pj0fJDeIQf5oJ3EzZ-2vuj6Gg/viewform?entry.1274744182=https://twitter.com/cobra_kai34/status/1594747463696633856&entry.653903203=22534&usp=pp_url
",Neutral,Yes,Yes,No,['Unemployment']
1595871258985615361,"https://docs.google.com/forms/d/e/1FAIpQLSffZugycOX3tUHW3uGhn5Cw0pj0fJDeIQf5oJ3EzZ-2vuj6Gg/viewform?entry.1274744182=https://twitter.com/s_061974/status/1595871258985615361&entry.653903203=22534&usp=pp_url
",Negative,Yes,Yes,Yes,['Unemployment']
1551959118235197442,"https://docs.google.com/forms/d/e/1FAIpQLSffZugycOX3tUHW3uGhn5Cw0pj0fJDeIQf5oJ3EzZ-2vuj6Gg/viewform?entry.1274744182=https://twitter.com/Ayazkadirhanbey/status/1551959118235197442&entry.653903203=22534&usp=pp_url
",Negative,Yes,Yes,Yes,['Crime&justice']
1593976535404318725,"https://docs.google.com/forms/d/e/1FAIpQLSffZugycOX3tUHW3uGhn5Cw0pj0fJDeIQf5oJ3EzZ-2vuj6Gg/viewform?entry.1274744182=https://twitter.com/cagincicek/status/1593976535404318725&entry.653903203=22534&usp=pp_url
",Negative,Yes,Yes,Yes,"['News', 'Democracy']"
1396783902526693380,"https://docs.google.com/forms/d/e/1FAIpQLSffZugycOX3tUHW3uGhn5Cw0pj0fJDeIQf5oJ3EzZ-2vuj6Gg/viewform?entry.1274744182=https://twitter.com/uykusuzumlan/status/1396783902526693380&entry.653903203=22534&usp=pp_url
",Positive,Yes,No,No,['Sports']
1597141274439872512,"https://docs.google.com/forms/d/e/1FAIpQLSffZugycOX3tUHW3uGhn5Cw0pj0fJDeIQf5oJ3EzZ-2vuj6Gg/viewform?entry.1274744182=https://twitter.com/1degisiklikyap/status/1597141274439872512&entry.653903203=22534&usp=pp_url
",Negative,Yes,Yes,Yes,"['Democracy', 'Election']"
1592770076520112128,"https://docs.google.com/forms/d/e/1FAIpQLSffZugycOX3tUHW3uGhn5Cw0pj0fJDeIQf5oJ3EzZ-2vuj6Gg/viewform?entry.1274744182=https://twitter.com/Mehmet52834857/status/1592770076520112128&entry.653903203=22534&usp=pp_url
",Negative,Yes,Yes,Yes,['Economy']
1585997776961183749,"https://docs.google.com/forms/d/e/1FAIpQLSffZugycOX3tUHW3uGhn5Cw0pj0fJDeIQf5oJ3EzZ-2vuj6Gg/viewform?entry.1274744182=https://twitter.com/commodore3/status/1585997776961183749&entry.653903203=22534&usp=pp_url
",Negative,Yes,Yes,Yes,"['Democracy', 'Nationalsecurity']"
1585766233491886081,"https://docs.google.com/forms/d/e/1FAIpQLSffZugycOX3tUHW3uGhn5Cw0pj0fJDeIQf5oJ3EzZ-2vuj6Gg/viewform?entry.1274744182=https://twitter.com/ekalkanli2023/status/1585766233491886081&entry.653903203=22534&usp=pp_url
",Negative,No,Yes,Yes,"['Economy', 'Democracy']"
1387330678635778049,"https://docs.google.com/forms/d/e/1FAIpQLSffZugycOX3tUHW3uGhn5Cw0pj0fJDeIQf5oJ3EzZ-2vuj6Gg/viewform?entry.1274744182=https://twitter.com/000_Mahir/status/1387330678635778049&entry.653903203=22534&usp=pp_url
",Positive,Yes,No,No,['Education']
1588851174715060225,"https://docs.google.com/forms/d/e/1FAIpQLSffZugycOX3tUHW3uGhn5Cw0pj0fJDeIQf5oJ3EzZ-2vuj6Gg/viewform?entry.1274744182=https://twitter.com/Zynp_ball/status/1588851174715060225&entry.653903203=22534&usp=pp_url
",Positive,Yes,Yes,Yes,['Unemployment']
1434787703783051264,"https://docs.google.com/forms/d/e/1FAIpQLSffZugycOX3tUHW3uGhn5Cw0pj0fJDeIQf5oJ3EzZ-2vuj6Gg/viewform?entry.1274744182=https://twitter.com/jerviajeon/status/1434787703783051264&entry.653903203=22534&usp=pp_url
",Positive,Yes,No,No,['Music&TV']
1371161226114428928,"https://docs.google.com/forms/d/e/1FAIpQLSffZugycOX3tUHW3uGhn5Cw0pj0fJDeIQf5oJ3EzZ-2vuj6Gg/viewform?entry.1274744182=https://twitter.com/GencoKaan/status/1371161226114428928&entry.653903203=22534&usp=pp_url
",Negative,No,No,No,['Music&TV']
1408339182762790914,"https://docs.google.com/forms/d/e/1FAIpQLSffZugycOX3tUHW3uGhn5Cw0pj0fJDeIQf5oJ3EzZ-2vuj6Gg/viewform?entry.1274744182=https://twitter.com/stargazete/status/1408339182762790914&entry.653903203=22534&usp=pp_url
",Neutral,No,No,Yes,"['News', 'Education']"
1568556861833580545,"https://docs.google.com/forms/d/e/1FAIpQLSffZugycOX3tUHW3uGhn5Cw0pj0fJDeIQf5oJ3EzZ-2vuj6Gg/viewform?entry.1274744182=https://twitter.com/selimkrdmn4418/status/1568556861833580545&entry.653903203=22534&usp=pp_url
",Neutral,Yes,Yes,Yes,['Nationalsecurity']
1378797018177531913,"https://docs.google.com/forms/d/e/1FAIpQLSffZugycOX3tUHW3uGhn5Cw0pj0fJDeIQf5oJ3EzZ-2vuj6Gg/viewform?entry.1274744182=https://twitter.com/wtfurki/status/1378797018177531913&entry.653903203=22534&usp=pp_url
",Negative,Yes,No,Yes,['Religion']
1596944190847717378,"https://docs.google.com/forms/d/e/1FAIpQLSffZugycOX3tUHW3uGhn5Cw0pj0fJDeIQf5oJ3EzZ-2vuj6Gg/viewform?entry.1274744182=https://twitter.com/s10551238/status/1596944190847717378&entry.653903203=22534&usp=pp_url
",Negative,Yes,Yes,Yes,['Unemployment']
1591134795379396608,"https://docs.google.com/forms/d/e/1FAIpQLSffZugycOX3tUHW3uGhn5Cw0pj0fJDeIQf5oJ3EzZ-2vuj6Gg/viewform?entry.1274744182=https://twitter.com/nurayytugbaa/status/1591134795379396608&entry.653903203=22534&usp=pp_url
",Neutral,Yes,Yes,Yes,['Unemployment']
1595717497881350144,"https://docs.google.com/forms/d/e/1FAIpQLSffZugycOX3tUHW3uGhn5Cw0pj0fJDeIQf5oJ3EzZ-2vuj6Gg/viewform?entry.1274744182=https://twitter.com/Yigitek11/status/1595717497881350144&entry.653903203=22534&usp=pp_url
",Negative,Yes,No,Yes,"['Religion', 'Crime&justice']"
1397627284757131268,"https://docs.google.com/forms/d/e/1FAIpQLSffZugycOX3tUHW3uGhn5Cw0pj0fJDeIQf5oJ3EzZ-2vuj6Gg/viewform?entry.1274744182=https://twitter.com/aamrve/status/1397627284757131268&entry.653903203=22534&usp=pp_url
",Positive,Yes,No,No,['Advertisement']
1354211158224498691,"https://docs.google.com/forms/d/e/1FAIpQLSffZugycOX3tUHW3uGhn5Cw0pj0fJDeIQf5oJ3EzZ-2vuj6Gg/viewform?entry.1274744182=https://twitter.com/ruaaRJ/status/1354211158224498691&entry.653903203=22534&usp=pp_url
",Positive,No,No,No,"['Music&TV', 'Advertisement']"
1432126858301149186,"https://docs.google.com/forms/d/e/1FAIpQLSffZugycOX3tUHW3uGhn5Cw0pj0fJDeIQf5oJ3EzZ-2vuj6Gg/viewform?entry.1274744182=https://twitter.com/cancanoglu123/status/1432126858301149186&entry.653903203=22534&usp=pp_url
",Neutral,Yes,No,Yes,['Election']
1596501798839549953,"https://docs.google.com/forms/d/e/1FAIpQLSffZugycOX3tUHW3uGhn5Cw0pj0fJDeIQf5oJ3EzZ-2vuj6Gg/viewform?entry.1274744182=https://twitter.com/betl2_mina/status/1596501798839549953&entry.653903203=22534&usp=pp_url
",Negative,Yes,Yes,Yes,"['Democracy', 'Election']"
1566802557024047104,"https://docs.google.com/forms/d/e/1FAIpQLSffZugycOX3tUHW3uGhn5Cw0pj0fJDeIQf5oJ3EzZ-2vuj6Gg/viewform?entry.1274744182=https://twitter.com/goktebiryildizq/status/1566802557024047104&entry.653903203=22534&usp=pp_url
",Negative,Yes,Yes,Yes,['Unemployment']
1566096821537148932,"https://docs.google.com/forms/d/e/1FAIpQLSffZugycOX3tUHW3uGhn5Cw0pj0fJDeIQf5oJ3EzZ-2vuj6Gg/viewform?entry.1274744182=https://twitter.com/EkpssMelek/status/1566096821537148932&entry.653903203=22534&usp=pp_url
",Negative,Yes,Yes,Yes,['Unemployment']
1597699493377384449,"https://docs.google.com/forms/d/e/1FAIpQLSffZugycOX3tUHW3uGhn5Cw0pj0fJDeIQf5oJ3EzZ-2vuj6Gg/viewform?entry.1274744182=https://twitter.com/Cakabo_/status/1597699493377384449&entry.653903203=22534&usp=pp_url
",Neutral,Yes,No,No,"['News', 'Economy']"
1387829690510057472,"https://docs.google.com/forms/d/e/1FAIpQLSffZugycOX3tUHW3uGhn5Cw0pj0fJDeIQf5oJ3EzZ-2vuj6Gg/viewform?entry.1274744182=https://twitter.com/jkittmin/status/1387829690510057472&entry.653903203=22534&usp=pp_url
",Negative,Yes,No,No,['Advertisement']
1427746815420604417,"https://docs.google.com/forms/d/e/1FAIpQLSffZugycOX3tUHW3uGhn5Cw0pj0fJDeIQf5oJ3EzZ-2vuj6Gg/viewform?entry.1274744182=https://twitter.com/venxzhan/status/1427746815420604417&entry.653903203=22534&usp=pp_url
",Negative,Yes,No,Yes,"['Music&TV', 'Advertisement']"
1575563128229994496,"https://docs.google.com/forms/d/e/1FAIpQLSffZugycOX3tUHW3uGhn5Cw0pj0fJDeIQf5oJ3EzZ-2vuj6Gg/viewform?entry.1274744182=https://twitter.com/AdamoElTurko/status/1575563128229994496&entry.653903203=22534&usp=pp_url
",Negative,Yes,Yes,Yes,"['Unemployment', 'Minorities&discrimination']"
1560268603596779523,"https://docs.google.com/forms/d/e/1FAIpQLSffZugycOX3tUHW3uGhn5Cw0pj0fJDeIQf5oJ3EzZ-2vuj6Gg/viewform?entry.1274744182=https://twitter.com/oldcitydivers/status/1560268603596779523&entry.653903203=22534&usp=pp_url
",Negative,Yes,Yes,Yes,"['Education', 'Democracy', 'Election', 'Crime&justice', 'Terrorism', 'Nationalsecurity']"
1439547067337256967,"https://docs.google.com/forms/d/e/1FAIpQLSffZugycOX3tUHW3uGhn5Cw0pj0fJDeIQf5oJ3EzZ-2vuj6Gg/viewform?entry.1274744182=https://twitter.com/_melek_3451/status/1439547067337256967&entry.653903203=22534&usp=pp_url
",Positive,Yes,No,No,"['Advertisement', 'News']"
1370770949889490947,"https://docs.google.com/forms/d/e/1FAIpQLSffZugycOX3tUHW3uGhn5Cw0pj0fJDeIQf5oJ3EzZ-2vuj6Gg/viewform?entry.1274744182=https://twitter.com/KAKISKALI/status/1370770949889490947&entry.653903203=22534&usp=pp_url
",Positive,Yes,Yes,Yes,['Corruption']
1595728748216721413,"https://docs.google.com/forms/d/e/1FAIpQLSffZugycOX3tUHW3uGhn5Cw0pj0fJDeIQf5oJ3EzZ-2vuj6Gg/viewform?entry.1274744182=https://twitter.com/BaybaturMurat/status/1595728748216721413&entry.653903203=22534&usp=pp_url
",Negative,Yes,No,No,['News']
1369310588443238407,"https://docs.google.com/forms/d/e/1FAIpQLSffZugycOX3tUHW3uGhn5Cw0pj0fJDeIQf5oJ3EzZ-2vuj6Gg/viewform?entry.1274744182=https://twitter.com/Mehmet26467926/status/1369310588443238407&entry.653903203=22534&usp=pp_url
",Positive,Yes,No,No,"['Religion', 'News']"
1402895617911779328,"https://docs.google.com/forms/d/e/1FAIpQLSffZugycOX3tUHW3uGhn5Cw0pj0fJDeIQf5oJ3EzZ-2vuj6Gg/viewform?entry.1274744182=https://twitter.com/turuncununmoru/status/1402895617911779328&entry.653903203=22534&usp=pp_url
",Positive,Yes,No,No,['Advertisement']
1584652601991532544,"https://docs.google.com/forms/d/e/1FAIpQLSffZugycOX3tUHW3uGhn5Cw0pj0fJDeIQf5oJ3EzZ-2vuj6Gg/viewform?entry.1274744182=https://twitter.com/haluk4rabaci/status/1584652601991532544&entry.653903203=22534&usp=pp_url
",Negative,Yes,Yes,Yes,['Economy']
1391479770978848770,"https://docs.google.com/forms/d/e/1FAIpQLSffZugycOX3tUHW3uGhn5Cw0pj0fJDeIQf5oJ3EzZ-2vuj6Gg/viewform?entry.1274744182=https://twitter.com/nermindzgn7/status/1391479770978848770&entry.653903203=22534&usp=pp_url
",Negative,Yes,Yes,Yes,['News']
1444033429117493249,"https://docs.google.com/forms/d/e/1FAIpQLSffZugycOX3tUHW3uGhn5Cw0pj0fJDeIQf5oJ3EzZ-2vuj6Gg/viewform?entry.1274744182=https://twitter.com/witcherself/status/1444033429117493249&entry.653903203=22534&usp=pp_url
",Positive,Yes,No,No,['Music&TV']
1579558096833511424,"https://docs.google.com/forms/d/e/1FAIpQLSffZugycOX3tUHW3uGhn5Cw0pj0fJDeIQf5oJ3EzZ-2vuj6Gg/viewform?entry.1274744182=https://twitter.com/hiranur55508054/status/1579558096833511424&entry.653903203=22534&usp=pp_url
",Negative,Yes,Yes,Yes,['Unemployment']
1388235183653011462,"https://docs.google.com/forms/d/e/1FAIpQLSffZugycOX3tUHW3uGhn5Cw0pj0fJDeIQf5oJ3EzZ-2vuj6Gg/viewform?entry.1274744182=https://twitter.com/tbzoc/status/1388235183653011462&entry.653903203=22534&usp=pp_url
",Neutral,No,No,No,['Sports']
1559565250894118913,"https://docs.google.com/forms/d/e/1FAIpQLSffZugycOX3tUHW3uGhn5Cw0pj0fJDeIQf5oJ3EzZ-2vuj6Gg/viewform?entry.1274744182=https://twitter.com/karael111/status/1559565250894118913&entry.653903203=22534&usp=pp_url
",Neutral,Yes,Yes,Yes,['Unemployment']
1594283073524350976,"https://docs.google.com/forms/d/e/1FAIpQLSffZugycOX3tUHW3uGhn5Cw0pj0fJDeIQf5oJ3EzZ-2vuj6Gg/viewform?entry.1274744182=https://twitter.com/GneyGKE13/status/1594283073524350976&entry.653903203=22534&usp=pp_url
",Negative,Yes,Yes,Yes,['Election']
1588106902692659200,"https://docs.google.com/forms/d/e/1FAIpQLSffZugycOX3tUHW3uGhn5Cw0pj0fJDeIQf5oJ3EzZ-2vuj6Gg/viewform?entry.1274744182=https://twitter.com/dealeridogan5/status/1588106902692659200&entry.653903203=22534&usp=pp_url
",Negative,Yes,Yes,Yes,"['Democracy', 'Election']"
1587047021499895810,"https://docs.google.com/forms/d/e/1FAIpQLSffZugycOX3tUHW3uGhn5Cw0pj0fJDeIQf5oJ3EzZ-2vuj6Gg/viewform?entry.1274744182=https://twitter.com/Murat202202/status/1587047021499895810&entry.653903203=22534&usp=pp_url
",Neutral,No,Yes,No,['Democracy']
1565057153081163776,"https://docs.google.com/forms/d/e/1FAIpQLSffZugycOX3tUHW3uGhn5Cw0pj0fJDeIQf5oJ3EzZ-2vuj6Gg/viewform?entry.1274744182=https://twitter.com/zkanersin/status/1565057153081163776&entry.653903203=22534&usp=pp_url
",Negative,Yes,Yes,Yes,['Economy']
1590675777011712001,"https://docs.google.com/forms/d/e/1FAIpQLSffZugycOX3tUHW3uGhn5Cw0pj0fJDeIQf5oJ3EzZ-2vuj6Gg/viewform?entry.1274744182=https://twitter.com/DeryaYa74368851/status/1590675777011712001&entry.653903203=22534&usp=pp_url
",Neutral,Yes,Yes,Yes,['Unemployment']
1595006020379676672,"https://docs.google.com/forms/d/e/1FAIpQLSffZugycOX3tUHW3uGhn5Cw0pj0fJDeIQf5oJ3EzZ-2vuj6Gg/viewform?entry.1274744182=https://twitter.com/krtkulturtv/status/1595006020379676672&entry.653903203=22534&usp=pp_url
",Negative,No,Yes,Yes,['News']
1573358706003431424,"https://docs.google.com/forms/d/e/1FAIpQLSffZugycOX3tUHW3uGhn5Cw0pj0fJDeIQf5oJ3EzZ-2vuj6Gg/viewform?entry.1274744182=https://twitter.com/sagliksizinicin/status/1573358706003431424&entry.653903203=22534&usp=pp_url
",Negative,Yes,Yes,Yes,['Education']
1446231430653255687,"https://docs.google.com/forms/d/e/1FAIpQLSffZugycOX3tUHW3uGhn5Cw0pj0fJDeIQf5oJ3EzZ-2vuj6Gg/viewform?entry.1274744182=https://twitter.com/NiyaziSele/status/1446231430653255687&entry.653903203=22534&usp=pp_url
",Negative,Yes,No,Yes,['Health']
1594784021560627216,"https://docs.google.com/forms/d/e/1FAIpQLSffZugycOX3tUHW3uGhn5Cw0pj0fJDeIQf5oJ3EzZ-2vuj6Gg/viewform?entry.1274744182=https://twitter.com/celaltulpar/status/1594784021560627216&entry.653903203=22534&usp=pp_url
",Negative,Yes,Yes,Yes,['Election']
1587716954034421760,"https://docs.google.com/forms/d/e/1FAIpQLSffZugycOX3tUHW3uGhn5Cw0pj0fJDeIQf5oJ3EzZ-2vuj6Gg/viewform?entry.1274744182=https://twitter.com/huseyin9303/status/1587716954034421760&entry.653903203=22534&usp=pp_url
",Neutral,No,Yes,No,['Corruption']
1394677268862091267,"https://docs.google.com/forms/d/e/1FAIpQLSffZugycOX3tUHW3uGhn5Cw0pj0fJDeIQf5oJ3EzZ-2vuj6Gg/viewform?entry.1274744182=https://twitter.com/MUGEAYUMI/status/1394677268862091267&entry.653903203=22534&usp=pp_url
",Neutral,Yes,Yes,Yes,"['Democracy', 'Election']"
1363429628984057859,"https://docs.google.com/forms/d/e/1FAIpQLSffZugycOX3tUHW3uGhn5Cw0pj0fJDeIQf5oJ3EzZ-2vuj6Gg/viewform?entry.1274744182=https://twitter.com/Prende9/status/1363429628984057859&entry.653903203=22534&usp=pp_url
",Neutral,Yes,Yes,Yes,['Health']
1589993032975544320,"https://docs.google.com/forms/d/e/1FAIpQLSffZugycOX3tUHW3uGhn5Cw0pj0fJDeIQf5oJ3EzZ-2vuj6Gg/viewform?entry.1274744182=https://twitter.com/hasannegr/status/1589993032975544320&entry.653903203=22534&usp=pp_url
",Negative,Yes,Yes,Yes,"['Democracy', 'Election']"
1566003075592101889,"https://docs.google.com/forms/d/e/1FAIpQLSffZugycOX3tUHW3uGhn5Cw0pj0fJDeIQf5oJ3EzZ-2vuj6Gg/viewform?entry.1274744182=https://twitter.com/Sevda60434134/status/1566003075592101889&entry.653903203=22534&usp=pp_url
",Negative,Yes,Yes,Yes,"['Economy', 'Unemployment', 'Election']"
1595357036925026306,"https://docs.google.com/forms/d/e/1FAIpQLSffZugycOX3tUHW3uGhn5Cw0pj0fJDeIQf5oJ3EzZ-2vuj6Gg/viewform?entry.1274744182=https://twitter.com/Zeynepvcl/status/1595357036925026306&entry.653903203=22534&usp=pp_url
",Neutral,No,Yes,Yes,['News']
1418898658934800390,"https://docs.google.com/forms/d/e/1FAIpQLSffZugycOX3tUHW3uGhn5Cw0pj0fJDeIQf5oJ3EzZ-2vuj6Gg/viewform?entry.1274744182=https://twitter.com/TamerFrat4/status/1418898658934800390&entry.653903203=22534&usp=pp_url
",Negative,Yes,Yes,Yes,['Economy']
1371926674825166848,"https://docs.google.com/forms/d/e/1FAIpQLSffZugycOX3tUHW3uGhn5Cw0pj0fJDeIQf5oJ3EzZ-2vuj6Gg/viewform?entry.1274744182=https://twitter.com/34PLT51/status/1371926674825166848&entry.653903203=22534&usp=pp_url
",Negative,Yes,No,No,['Advertisement']
1597274845381029888,"https://docs.google.com/forms/d/e/1FAIpQLSffZugycOX3tUHW3uGhn5Cw0pj0fJDeIQf5oJ3EzZ-2vuj6Gg/viewform?entry.1274744182=https://twitter.com/ygzunsl/status/1597274845381029888&entry.653903203=22534&usp=pp_url
",Neutral,Yes,Yes,Yes,['Crime&justice']
1597716384024182784,"https://docs.google.com/forms/d/e/1FAIpQLSffZugycOX3tUHW3uGhn5Cw0pj0fJDeIQf5oJ3EzZ-2vuj6Gg/viewform?entry.1274744182=https://twitter.com/atagun_kemal/status/1597716384024182784&entry.653903203=22534&usp=pp_url
",Negative,Yes,Yes,Yes,"['Democracy', 'Election', 'Nationalsecurity']"
1594242562537443331,"https://docs.google.com/forms/d/e/1FAIpQLSffZugycOX3tUHW3uGhn5Cw0pj0fJDeIQf5oJ3EzZ-2vuj6Gg/viewform?entry.1274744182=https://twitter.com/300ccc300/status/1594242562537443331&entry.653903203=22534&usp=pp_url
",Negative,Yes,Yes,Yes,['Health']
1592052688799559683,"https://docs.google.com/forms/d/e/1FAIpQLSffZugycOX3tUHW3uGhn5Cw0pj0fJDeIQf5oJ3EzZ-2vuj6Gg/viewform?entry.1274744182=https://twitter.com/sirketoken/status/1592052688799559683&entry.653903203=22534&usp=pp_url
",Negative,Yes,Yes,Yes,['Corruption']
1385631947767091202,"https://docs.google.com/forms/d/e/1FAIpQLSffZugycOX3tUHW3uGhn5Cw0pj0fJDeIQf5oJ3EzZ-2vuj6Gg/viewform?entry.1274744182=https://twitter.com/Omer_Guney93/status/1385631947767091202&entry.653903203=22534&usp=pp_url
",Negative,Yes,No,Yes,['Health']
1368890361549062144,"https://docs.google.com/forms/d/e/1FAIpQLSffZugycOX3tUHW3uGhn5Cw0pj0fJDeIQf5oJ3EzZ-2vuj6Gg/viewform?entry.1274744182=https://twitter.com/serklcc/status/1368890361549062144&entry.653903203=22534&usp=pp_url
",Negative,Yes,No,No,['Advertisement']
1596185198458118145,"https://docs.google.com/forms/d/e/1FAIpQLSffZugycOX3tUHW3uGhn5Cw0pj0fJDeIQf5oJ3EzZ-2vuj6Gg/viewform?entry.1274744182=https://twitter.com/zynpmns/status/1596185198458118145&entry.653903203=22534&usp=pp_url
",Positive,Yes,Yes,Yes,['Unemployment']
1588263918895394821,"https://docs.google.com/forms/d/e/1FAIpQLSffZugycOX3tUHW3uGhn5Cw0pj0fJDeIQf5oJ3EzZ-2vuj6Gg/viewform?entry.1274744182=https://twitter.com/Sedatgo80002157/status/1588263918895394821&entry.653903203=22534&usp=pp_url
",Negative,Yes,Yes,Yes,['Economy']
1587846155928469505,"https://docs.google.com/forms/d/e/1FAIpQLSffZugycOX3tUHW3uGhn5Cw0pj0fJDeIQf5oJ3EzZ-2vuj6Gg/viewform?entry.1274744182=https://twitter.com/sah_ayy/status/1587846155928469505&entry.653903203=22534&usp=pp_url
",Negative,Yes,Yes,Yes,"['Corruption', 'Democracy', 'Crime&justice']"
1562853131251118081,"https://docs.google.com/forms/d/e/1FAIpQLSffZugycOX3tUHW3uGhn5Cw0pj0fJDeIQf5oJ3EzZ-2vuj6Gg/viewform?entry.1274744182=https://twitter.com/akanturker/status/1562853131251118081&entry.653903203=22534&usp=pp_url
",Positive,Yes,Yes,No,['Minorities&discrimination']
1594698277378736128,"https://docs.google.com/forms/d/e/1FAIpQLSffZugycOX3tUHW3uGhn5Cw0pj0fJDeIQf5oJ3EzZ-2vuj6Gg/viewform?entry.1274744182=https://twitter.com/Sedat15641794/status/1594698277378736128&entry.653903203=22534&usp=pp_url
",Negative,No,Yes,Yes,['Corruption']
1592875593405980673,"https://docs.google.com/forms/d/e/1FAIpQLSffZugycOX3tUHW3uGhn5Cw0pj0fJDeIQf5oJ3EzZ-2vuj6Gg/viewform?entry.1274744182=https://twitter.com/hakdls60/status/1592875593405980673&entry.653903203=22534&usp=pp_url
",Negative,Yes,Yes,Yes,"['Economy', 'Democracy']"
1436307100460855321,"https://docs.google.com/forms/d/e/1FAIpQLSffZugycOX3tUHW3uGhn5Cw0pj0fJDeIQf5oJ3EzZ-2vuj6Gg/viewform?entry.1274744182=https://twitter.com/Seher_2021/status/1436307100460855321&entry.653903203=22534&usp=pp_url
",Positive,Yes,No,No,['Advertisement']
1579084040787091456,"https://docs.google.com/forms/d/e/1FAIpQLSffZugycOX3tUHW3uGhn5Cw0pj0fJDeIQf5oJ3EzZ-2vuj6Gg/viewform?entry.1274744182=https://twitter.com/neseerdan/status/1579084040787091456&entry.653903203=22534&usp=pp_url
",Negative,Yes,Yes,Yes,['Election']
1415032260571680768,"https://docs.google.com/forms/d/e/1FAIpQLSffZugycOX3tUHW3uGhn5Cw0pj0fJDeIQf5oJ3EzZ-2vuj6Gg/viewform?entry.1274744182=https://twitter.com/savasxozkan/status/1415032260571680768&entry.653903203=22534&usp=pp_url
",Neutral,No,No,No,['Advertisement']
1367946826847051776,"https://docs.google.com/forms/d/e/1FAIpQLSffZugycOX3tUHW3uGhn5Cw0pj0fJDeIQf5oJ3EzZ-2vuj6Gg/viewform?entry.1274744182=https://twitter.com/tugcemkocaa/status/1367946826847051776&entry.653903203=22534&usp=pp_url
",Positive,No,No,No,['Advertisement']
1551163840368414722,"https://docs.google.com/forms/d/e/1FAIpQLSffZugycOX3tUHW3uGhn5Cw0pj0fJDeIQf5oJ3EzZ-2vuj6Gg/viewform?entry.1274744182=https://twitter.com/SED58417690/status/1551163840368414722&entry.653903203=22534&usp=pp_url
",Positive,Yes,Yes,No,"['Unemployment', 'Minorities&discrimination']"
1592440587923632128,"https://docs.google.com/forms/d/e/1FAIpQLSffZugycOX3tUHW3uGhn5Cw0pj0fJDeIQf5oJ3EzZ-2vuj6Gg/viewform?entry.1274744182=https://twitter.com/AzizErguven/status/1592440587923632128&entry.653903203=22534&usp=pp_url
",Neutral,Yes,Yes,No,"['Corruption', 'Election']"
1586059892313542656,"https://docs.google.com/forms/d/e/1FAIpQLSffZugycOX3tUHW3uGhn5Cw0pj0fJDeIQf5oJ3EzZ-2vuj6Gg/viewform?entry.1274744182=https://twitter.com/safakotomatik/status/1586059892313542656&entry.653903203=22534&usp=pp_url
",Negative,Yes,Yes,Yes,['Economy']
1588915997859545089,"https://docs.google.com/forms/d/e/1FAIpQLSffZugycOX3tUHW3uGhn5Cw0pj0fJDeIQf5oJ3EzZ-2vuj6Gg/viewform?entry.1274744182=https://twitter.com/MalcokFatih/status/1588915997859545089&entry.653903203=22534&usp=pp_url
",Negative,Yes,No,No,['Crime&justice']
1563543053972881409,"https://docs.google.com/forms/d/e/1FAIpQLSffZugycOX3tUHW3uGhn5Cw0pj0fJDeIQf5oJ3EzZ-2vuj6Gg/viewform?entry.1274744182=https://twitter.com/saelik09690971/status/1563543053972881409&entry.653903203=22534&usp=pp_url
",Positive,Yes,Yes,No,['Election']
1556935910712819713,"https://docs.google.com/forms/d/e/1FAIpQLSffZugycOX3tUHW3uGhn5Cw0pj0fJDeIQf5oJ3EzZ-2vuj6Gg/viewform?entry.1274744182=https://twitter.com/ulaknews/status/1556935910712819713&entry.653903203=22534&usp=pp_url
",Neutral,No,Yes,No,['News']
1595502891208695808,"https://docs.google.com/forms/d/e/1FAIpQLSffZugycOX3tUHW3uGhn5Cw0pj0fJDeIQf5oJ3EzZ-2vuj6Gg/viewform?entry.1274744182=https://twitter.com/ogretmen0618/status/1595502891208695808&entry.653903203=22534&usp=pp_url
",Neutral,Yes,Yes,No,['Unemployment']
1428247734864289800,"https://docs.google.com/forms/d/e/1FAIpQLSffZugycOX3tUHW3uGhn5Cw0pj0fJDeIQf5oJ3EzZ-2vuj6Gg/viewform?entry.1274744182=https://twitter.com/Sempatik542/status/1428247734864289800&entry.653903203=22534&usp=pp_url
",Positive,Yes,No,No,['Advertisement']
1582579835553320961,"https://docs.google.com/forms/d/e/1FAIpQLSffZugycOX3tUHW3uGhn5Cw0pj0fJDeIQf5oJ3EzZ-2vuj6Gg/viewform?entry.1274744182=https://twitter.com/EkonomisttimBen/status/1582579835553320961&entry.653903203=22534&usp=pp_url
",Negative,Yes,Yes,Yes,['Election']
1451278121680900106,"https://docs.google.com/forms/d/e/1FAIpQLSffZugycOX3tUHW3uGhn5Cw0pj0fJDeIQf5oJ3EzZ-2vuj6Gg/viewform?entry.1274744182=https://twitter.com/erdemmcbn/status/1451278121680900106&entry.653903203=22534&usp=pp_url
",Negative,Yes,No,No,['Advertisement']
1588638158010613760,"https://docs.google.com/forms/d/e/1FAIpQLSffZugycOX3tUHW3uGhn5Cw0pj0fJDeIQf5oJ3EzZ-2vuj6Gg/viewform?entry.1274744182=https://twitter.com/tiriganofgutium/status/1588638158010613760&entry.653903203=22534&usp=pp_url
",Negative,Yes,Yes,Yes,"['Election', 'Terrorism']"
1593649159009099777,"https://docs.google.com/forms/d/e/1FAIpQLSffZugycOX3tUHW3uGhn5Cw0pj0fJDeIQf5oJ3EzZ-2vuj6Gg/viewform?entry.1274744182=https://twitter.com/Ahmetbaran70/status/1593649159009099777&entry.653903203=22534&usp=pp_url
",Negative,Yes,Yes,No,['Election']
1594431217797156869,"https://docs.google.com/forms/d/e/1FAIpQLSffZugycOX3tUHW3uGhn5Cw0pj0fJDeIQf5oJ3EzZ-2vuj6Gg/viewform?entry.1274744182=https://twitter.com/Nisazde01201569/status/1594431217797156869&entry.653903203=22534&usp=pp_url
",Negative,Yes,Yes,No,['Unemployment']
1548636597628899328,"https://docs.google.com/forms/d/e/1FAIpQLSffZugycOX3tUHW3uGhn5Cw0pj0fJDeIQf5oJ3EzZ-2vuj6Gg/viewform?entry.1274744182=https://twitter.com/canbulut3460/status/1548636597628899328&entry.653903203=22534&usp=pp_url
",Positive,No,Yes,Yes,"['Education', 'Minorities&discrimination']"
1595846388428017664,"https://docs.google.com/forms/d/e/1FAIpQLSffZugycOX3tUHW3uGhn5Cw0pj0fJDeIQf5oJ3EzZ-2vuj6Gg/viewform?entry.1274744182=https://twitter.com/bilaltopcu1/status/1595846388428017664&entry.653903203=22534&usp=pp_url
",Negative,Yes,Yes,Yes,['Election']
1583477966373543936,"https://docs.google.com/forms/d/e/1FAIpQLSffZugycOX3tUHW3uGhn5Cw0pj0fJDeIQf5oJ3EzZ-2vuj6Gg/viewform?entry.1274744182=https://twitter.com/tr3424910214991/status/1583477966373543936&entry.653903203=22534&usp=pp_url
",Negative,Yes,Yes,Yes,"['Election', 'Nationalsecurity']"
1598032301715517440,"https://docs.google.com/forms/d/e/1FAIpQLSffZugycOX3tUHW3uGhn5Cw0pj0fJDeIQf5oJ3EzZ-2vuj6Gg/viewform?entry.1274744182=https://twitter.com/musavir_kgm/status/1598032301715517440&entry.653903203=22534&usp=pp_url
",Neutral,Yes,Yes,No,['Unemployment']
1390771720865423364,"https://docs.google.com/forms/d/e/1FAIpQLSffZugycOX3tUHW3uGhn5Cw0pj0fJDeIQf5oJ3EzZ-2vuj6Gg/viewform?entry.1274744182=https://twitter.com/PrmSprinter/status/1390771720865423364&entry.653903203=22534&usp=pp_url
",Positive,Yes,No,No,['Advertisement']
1396924944777465858,"https://docs.google.com/forms/d/e/1FAIpQLSffZugycOX3tUHW3uGhn5Cw0pj0fJDeIQf5oJ3EzZ-2vuj6Gg/viewform?entry.1274744182=https://twitter.com/omeraksakal34/status/1396924944777465858&entry.653903203=22534&usp=pp_url
",Negative,Yes,No,No,"['Sports', 'Music&TV', 'Advertisement']"
1591987769802645505,"https://docs.google.com/forms/d/e/1FAIpQLSffZugycOX3tUHW3uGhn5Cw0pj0fJDeIQf5oJ3EzZ-2vuj6Gg/viewform?entry.1274744182=https://twitter.com/nkulunk/status/1591987769802645505&entry.653903203=22534&usp=pp_url
",Neutral,No,No,No,['Advertisement']
1597282821177217024,"https://docs.google.com/forms/d/e/1FAIpQLSffZugycOX3tUHW3uGhn5Cw0pj0fJDeIQf5oJ3EzZ-2vuj6Gg/viewform?entry.1274744182=https://twitter.com/uyakypoglu/status/1597282821177217024&entry.653903203=22534&usp=pp_url
",Neutral,Yes,Yes,No,"['Crime&justice', 'Minorities&discrimination']"
1553854583008534530,"https://docs.google.com/forms/d/e/1FAIpQLSffZugycOX3tUHW3uGhn5Cw0pj0fJDeIQf5oJ3EzZ-2vuj6Gg/viewform?entry.1274744182=https://twitter.com/BurinYaln13/status/1553854583008534530&entry.653903203=22534&usp=pp_url
",Neutral,Yes,Yes,No,['Crime&justice']
1595671298105040898,"https://docs.google.com/forms/d/e/1FAIpQLSffZugycOX3tUHW3uGhn5Cw0pj0fJDeIQf5oJ3EzZ-2vuj6Gg/viewform?entry.1274744182=https://twitter.com/ozcimbal/status/1595671298105040898&entry.653903203=22534&usp=pp_url
",Negative,Yes,Yes,Yes,['Crime&justice']
1397987301612048384,"https://docs.google.com/forms/d/e/1FAIpQLSffZugycOX3tUHW3uGhn5Cw0pj0fJDeIQf5oJ3EzZ-2vuj6Gg/viewform?entry.1274744182=https://twitter.com/Goyushov/status/1397987301612048384&entry.653903203=22534&usp=pp_url
",Negative,Yes,Yes,Yes,['Democracy']
1437036423652118528,"https://docs.google.com/forms/d/e/1FAIpQLSffZugycOX3tUHW3uGhn5Cw0pj0fJDeIQf5oJ3EzZ-2vuj6Gg/viewform?entry.1274744182=https://twitter.com/00luka_/status/1437036423652118528&entry.653903203=22534&usp=pp_url
",Neutral,No,No,No,['Advertisement']
1439957862499901442,"https://docs.google.com/forms/d/e/1FAIpQLSffZugycOX3tUHW3uGhn5Cw0pj0fJDeIQf5oJ3EzZ-2vuj6Gg/viewform?entry.1274744182=https://twitter.com/Sinanzkaya15/status/1439957862499901442&entry.653903203=22534&usp=pp_url
",Negative,Yes,No,No,['Health']
1596929848131588097,"https://docs.google.com/forms/d/e/1FAIpQLSffZugycOX3tUHW3uGhn5Cw0pj0fJDeIQf5oJ3EzZ-2vuj6Gg/viewform?entry.1274744182=https://twitter.com/Sincee_1/status/1596929848131588097&entry.653903203=22534&usp=pp_url
",Neutral,Yes,Yes,No,['Unemployment']
1588805454624591872,"https://docs.google.com/forms/d/e/1FAIpQLSffZugycOX3tUHW3uGhn5Cw0pj0fJDeIQf5oJ3EzZ-2vuj6Gg/viewform?entry.1274744182=https://twitter.com/fulbright_iptal/status/1588805454624591872&entry.653903203=22534&usp=pp_url
",Neutral,Yes,Yes,No,"['Economy', 'Unemployment']"
1586021183958704128,"https://docs.google.com/forms/d/e/1FAIpQLSffZugycOX3tUHW3uGhn5Cw0pj0fJDeIQf5oJ3EzZ-2vuj6Gg/viewform?entry.1274744182=https://twitter.com/spytron/status/1586021183958704128&entry.653903203=22534&usp=pp_url
",Negative,Yes,Yes,Yes,['Election']
1565312596135354373,"https://docs.google.com/forms/d/e/1FAIpQLSffZugycOX3tUHW3uGhn5Cw0pj0fJDeIQf5oJ3EzZ-2vuj6Gg/viewform?entry.1274744182=https://twitter.com/Nursela60044416/status/1565312596135354373&entry.653903203=22534&usp=pp_url
",Positive,Yes,Yes,No,['Election']
1597623708214235137,"https://docs.google.com/forms/d/e/1FAIpQLSffZugycOX3tUHW3uGhn5Cw0pj0fJDeIQf5oJ3EzZ-2vuj6Gg/viewform?entry.1274744182=https://twitter.com/MMineoglu/status/1597623708214235137&entry.653903203=22534&usp=pp_url
",Negative,Yes,Yes,Yes,"['Democracy', 'Election']"
1595493120229183499,"https://docs.google.com/forms/d/e/1FAIpQLSffZugycOX3tUHW3uGhn5Cw0pj0fJDeIQf5oJ3EzZ-2vuj6Gg/viewform?entry.1274744182=https://twitter.com/Ayem22102021/status/1595493120229183499&entry.653903203=22534&usp=pp_url
",Positive,Yes,Yes,No,"['Unemployment', 'Education']"
1576653232323317760,"https://docs.google.com/forms/d/e/1FAIpQLSffZugycOX3tUHW3uGhn5Cw0pj0fJDeIQf5oJ3EzZ-2vuj6Gg/viewform?entry.1274744182=https://twitter.com/beththemac/status/1576653232323317760&entry.653903203=22534&usp=pp_url
",Negative,Yes,Yes,No,"['Unemployment', 'Health']"
1389313456164249605,"https://docs.google.com/forms/d/e/1FAIpQLSffZugycOX3tUHW3uGhn5Cw0pj0fJDeIQf5oJ3EzZ-2vuj6Gg/viewform?entry.1274744182=https://twitter.com/Ebrusereki/status/1389313456164249605&entry.653903203=22534&usp=pp_url
",Negative,Yes,No,No,"['Music&TV', 'Advertisement']"
1439496723538317315,"https://docs.google.com/forms/d/e/1FAIpQLSffZugycOX3tUHW3uGhn5Cw0pj0fJDeIQf5oJ3EzZ-2vuj6Gg/viewform?entry.1274744182=https://twitter.com/melisaforlalisa/status/1439496723538317315&entry.653903203=22534&usp=pp_url
",Neutral,No,No,No,['Advertisement']
1596546632425697280,"https://docs.google.com/forms/d/e/1FAIpQLSffZugycOX3tUHW3uGhn5Cw0pj0fJDeIQf5oJ3EzZ-2vuj6Gg/viewform?entry.1274744182=https://twitter.com/dcrize/status/1596546632425697280&entry.653903203=22534&usp=pp_url
",Negative,Yes,Yes,No,['Economy']
1420407025847132171,"https://docs.google.com/forms/d/e/1FAIpQLSffZugycOX3tUHW3uGhn5Cw0pj0fJDeIQf5oJ3EzZ-2vuj6Gg/viewform?entry.1274744182=https://twitter.com/btsmembo/status/1420407025847132171&entry.653903203=22534&usp=pp_url
",Neutral,No,No,No,['Advertisement']
1597488764707737600,"https://docs.google.com/forms/d/e/1FAIpQLSffZugycOX3tUHW3uGhn5Cw0pj0fJDeIQf5oJ3EzZ-2vuj6Gg/viewform?entry.1274744182=https://twitter.com/Sabah/status/1597488764707737600&entry.653903203=22534&usp=pp_url
",Negative,No,No,No,"['Terrorism', 'Nationalsecurity']"
1559963768372740098,"https://docs.google.com/forms/d/e/1FAIpQLSffZugycOX3tUHW3uGhn5Cw0pj0fJDeIQf5oJ3EzZ-2vuj6Gg/viewform?entry.1274744182=https://twitter.com/awfhdsr6/status/1559963768372740098&entry.653903203=22534&usp=pp_url
",Neutral,Yes,Yes,No,['Unemployment']
1596951339875307522,"https://docs.google.com/forms/d/e/1FAIpQLSffZugycOX3tUHW3uGhn5Cw0pj0fJDeIQf5oJ3EzZ-2vuj6Gg/viewform?entry.1274744182=https://twitter.com/FSaniolu/status/1596951339875307522&entry.653903203=22534&usp=pp_url
",Negative,Yes,No,Yes,['Crime&justice']
1546261307086848001,"https://docs.google.com/forms/d/e/1FAIpQLSffZugycOX3tUHW3uGhn5Cw0pj0fJDeIQf5oJ3EzZ-2vuj6Gg/viewform?entry.1274744182=https://twitter.com/YkselKose5/status/1546261307086848001&entry.653903203=22534&usp=pp_url
",Negative,Yes,Yes,No,"['Democracy', 'Election']"
1367571642604544000,"https://docs.google.com/forms/d/e/1FAIpQLSffZugycOX3tUHW3uGhn5Cw0pj0fJDeIQf5oJ3EzZ-2vuj6Gg/viewform?entry.1274744182=https://twitter.com/BakiDiren/status/1367571642604544000&entry.653903203=22534&usp=pp_url
",Positive,Yes,No,No,['Advertisement']
1578448632533028865,"https://docs.google.com/forms/d/e/1FAIpQLSffZugycOX3tUHW3uGhn5Cw0pj0fJDeIQf5oJ3EzZ-2vuj6Gg/viewform?entry.1274744182=https://twitter.com/osman43026850/status/1578448632533028865&entry.653903203=22534&usp=pp_url
",Negative,Yes,Yes,No,"['Crime&justice', 'Immigration&refugees', 'Minorities&discrimination']"
1588211631934390277,"https://docs.google.com/forms/d/e/1FAIpQLSffZugycOX3tUHW3uGhn5Cw0pj0fJDeIQf5oJ3EzZ-2vuj6Gg/viewform?entry.1274744182=https://twitter.com/ilkmatogretmenn/status/1588211631934390277&entry.653903203=22534&usp=pp_url
",,,,,
1591522672655355904,"https://docs.google.com/forms/d/e/1FAIpQLSffZugycOX3tUHW3uGhn5Cw0pj0fJDeIQf5oJ3EzZ-2vuj6Gg/viewform?entry.1274744182=https://twitter.com/SofuHANN/status/1591522672655355904&entry.653903203=22534&usp=pp_url
",Negative,Yes,Yes,No,"['Democracy', 'Election']"
1595455768349786113,"https://docs.google.com/forms/d/e/1FAIpQLSffZugycOX3tUHW3uGhn5Cw0pj0fJDeIQf5oJ3EzZ-2vuj6Gg/viewform?entry.1274744182=https://twitter.com/afadd__07/status/1595455768349786113&entry.653903203=22534&usp=pp_url
",Neutral,Yes,Yes,No,['Unemployment']
1425899368788398085,"https://docs.google.com/forms/d/e/1FAIpQLSffZugycOX3tUHW3uGhn5Cw0pj0fJDeIQf5oJ3EzZ-2vuj6Gg/viewform?entry.1274744182=https://twitter.com/gorunmeyenkoyek/status/1425899368788398085&entry.653903203=22534&usp=pp_url
",Negative,Yes,No,No,"['Music&TV', 'Advertisement']"
1592943990084894720,"https://docs.google.com/forms/d/e/1FAIpQLSffZugycOX3tUHW3uGhn5Cw0pj0fJDeIQf5oJ3EzZ-2vuj6Gg/viewform?entry.1274744182=https://twitter.com/SgkKadroBekliyo/status/1592943990084894720&entry.653903203=22534&usp=pp_url
",Neutral,Yes,Yes,No,['Unemployment']
1553836910514151425,"https://docs.google.com/forms/d/e/1FAIpQLSffZugycOX3tUHW3uGhn5Cw0pj0fJDeIQf5oJ3EzZ-2vuj6Gg/viewform?entry.1274744182=https://twitter.com/merihkargi/status/1553836910514151425&entry.653903203=22534&usp=pp_url
",Negative,Yes,No,Yes,['Health']
1584982294682542081,"https://docs.google.com/forms/d/e/1FAIpQLSffZugycOX3tUHW3uGhn5Cw0pj0fJDeIQf5oJ3EzZ-2vuj6Gg/viewform?entry.1274744182=https://twitter.com/engelliogrtmn00/status/1584982294682542081&entry.653903203=22534&usp=pp_url
",Positive,Yes,Yes,No,['Unemployment']
1598005569759383552,"https://docs.google.com/forms/d/e/1FAIpQLSffZugycOX3tUHW3uGhn5Cw0pj0fJDeIQf5oJ3EzZ-2vuj6Gg/viewform?entry.1274744182=https://twitter.com/AhmetKimil/status/1598005569759383552&entry.653903203=22534&usp=pp_url
",Negative,Yes,Yes,Yes,['Economy']
1564926450096013313,"https://docs.google.com/forms/d/e/1FAIpQLSffZugycOX3tUHW3uGhn5Cw0pj0fJDeIQf5oJ3EzZ-2vuj6Gg/viewform?entry.1274744182=https://twitter.com/sbolusonsoz/status/1564926450096013313&entry.653903203=22534&usp=pp_url
",Positive,No,No,No,['News']
1587535098043371522,"https://docs.google.com/forms/d/e/1FAIpQLSffZugycOX3tUHW3uGhn5Cw0pj0fJDeIQf5oJ3EzZ-2vuj6Gg/viewform?entry.1274744182=https://twitter.com/ygzunsl/status/1587535098043371522&entry.653903203=22534&usp=pp_url
",Neutral,Yes,Yes,No,['Crime&justice']
1567256445179117570,"https://docs.google.com/forms/d/e/1FAIpQLSffZugycOX3tUHW3uGhn5Cw0pj0fJDeIQf5oJ3EzZ-2vuj6Gg/viewform?entry.1274744182=https://twitter.com/mynet/status/1567256445179117570&entry.653903203=22534&usp=pp_url
",Neutral,No,Yes,No,"['News', 'Nationalsecurity']"
1566494178649030662,"https://docs.google.com/forms/d/e/1FAIpQLSffZugycOX3tUHW3uGhn5Cw0pj0fJDeIQf5oJ3EzZ-2vuj6Gg/viewform?entry.1274744182=https://twitter.com/HseyinM65186176/status/1566494178649030662&entry.653903203=22534&usp=pp_url
",Neutral,Yes,Yes,No,"['Economy', 'Unemployment']"
1557466463782555648,"https://docs.google.com/forms/d/e/1FAIpQLSffZugycOX3tUHW3uGhn5Cw0pj0fJDeIQf5oJ3EzZ-2vuj6Gg/viewform?entry.1274744182=https://twitter.com/kemaldu92826582/status/1557466463782555648&entry.653903203=22534&usp=pp_url
",Negative,Yes,Yes,Yes,['Economy']
1591140501696442370,"https://docs.google.com/forms/d/e/1FAIpQLSffZugycOX3tUHW3uGhn5Cw0pj0fJDeIQf5oJ3EzZ-2vuj6Gg/viewform?entry.1274744182=https://twitter.com/Ceyhun213412/status/1591140501696442370&entry.653903203=22534&usp=pp_url
",Neutral,Yes,Yes,No,['Crime&justice']
1582963886734442496,"https://docs.google.com/forms/d/e/1FAIpQLSffZugycOX3tUHW3uGhn5Cw0pj0fJDeIQf5oJ3EzZ-2vuj6Gg/viewform?entry.1274744182=https://twitter.com/mustafaercan786/status/1582963886734442496&entry.653903203=22534&usp=pp_url
",Negative,Yes,Yes,Yes,"['Democracy', 'Crime&justice']"
1595101398991077376,"https://docs.google.com/forms/d/e/1FAIpQLSffZugycOX3tUHW3uGhn5Cw0pj0fJDeIQf5oJ3EzZ-2vuj6Gg/viewform?entry.1274744182=https://twitter.com/HASANAA72403527/status/1595101398991077376&entry.653903203=22534&usp=pp_url
",Positive,Yes,Yes,No,['Democracy']
1547256104844988428,"https://docs.google.com/forms/d/e/1FAIpQLSffZugycOX3tUHW3uGhn5Cw0pj0fJDeIQf5oJ3EzZ-2vuj6Gg/viewform?entry.1274744182=https://twitter.com/yapmabeeeaaa/status/1547256104844988428&entry.653903203=22534&usp=pp_url
",Negative,Yes,Yes,No,['Terrorism']
1588583484859510784,"https://docs.google.com/forms/d/e/1FAIpQLSffZugycOX3tUHW3uGhn5Cw0pj0fJDeIQf5oJ3EzZ-2vuj6Gg/viewform?entry.1274744182=https://twitter.com/engcivil60/status/1588583484859510784&entry.653903203=22534&usp=pp_url
",Neutral,Yes,Yes,Yes,['Unemployment']
1598000658862723074,"https://docs.google.com/forms/d/e/1FAIpQLSffZugycOX3tUHW3uGhn5Cw0pj0fJDeIQf5oJ3EzZ-2vuj6Gg/viewform?entry.1274744182=https://twitter.com/zynpgillerden/status/1598000658862723074&entry.653903203=22534&usp=pp_url
",Neutral,Yes,Yes,No,['Unemployment']
1427339600083791885,"https://docs.google.com/forms/d/e/1FAIpQLSffZugycOX3tUHW3uGhn5Cw0pj0fJDeIQf5oJ3EzZ-2vuj6Gg/viewform?entry.1274744182=https://twitter.com/YunusGn52/status/1427339600083791885&entry.653903203=22534&usp=pp_url
",Neutral,Yes,No,No,['Sports']
1585518436167389184,"https://docs.google.com/forms/d/e/1FAIpQLSffZugycOX3tUHW3uGhn5Cw0pj0fJDeIQf5oJ3EzZ-2vuj6Gg/viewform?entry.1274744182=https://twitter.com/Osmanbayar066/status/1585518436167389184&entry.653903203=22534&usp=pp_url
",Neutral,Yes,No,No,['Religion']
1365726640416976906,"https://docs.google.com/forms/d/e/1FAIpQLSffZugycOX3tUHW3uGhn5Cw0pj0fJDeIQf5oJ3EzZ-2vuj6Gg/viewform?entry.1274744182=https://twitter.com/minminsoz/status/1365726640416976906&entry.653903203=22534&usp=pp_url
",Neutral,No,No,No,['Advertisement']
1592523707851104259,"https://docs.google.com/forms/d/e/1FAIpQLSffZugycOX3tUHW3uGhn5Cw0pj0fJDeIQf5oJ3EzZ-2vuj6Gg/viewform?entry.1274744182=https://twitter.com/Hatra22899654/status/1592523707851104259&entry.653903203=22534&usp=pp_url
",Negative,Yes,Yes,No,['Economy']
1358374543912484872,"https://docs.google.com/forms/d/e/1FAIpQLSffZugycOX3tUHW3uGhn5Cw0pj0fJDeIQf5oJ3EzZ-2vuj6Gg/viewform?entry.1274744182=https://twitter.com/cCc_ibrahimisik/status/1358374543912484872&entry.653903203=22534&usp=pp_url
",Negative,Yes,Yes,Yes,['Democracy']
1591797089134338048,"https://docs.google.com/forms/d/e/1FAIpQLSffZugycOX3tUHW3uGhn5Cw0pj0fJDeIQf5oJ3EzZ-2vuj6Gg/viewform?entry.1274744182=https://twitter.com/15binparamedik/status/1591797089134338048&entry.653903203=22534&usp=pp_url
",Neutral,Yes,Yes,No,['Unemployment']
1578774270679093248,"https://docs.google.com/forms/d/e/1FAIpQLSffZugycOX3tUHW3uGhn5Cw0pj0fJDeIQf5oJ3EzZ-2vuj6Gg/viewform?entry.1274744182=https://twitter.com/miyase_miyasee/status/1578774270679093248&entry.653903203=22534&usp=pp_url
",Neutral,Yes,Yes,No,['Crime&justice']
1569589330544398336,"https://docs.google.com/forms/d/e/1FAIpQLSffZugycOX3tUHW3uGhn5Cw0pj0fJDeIQf5oJ3EzZ-2vuj6Gg/viewform?entry.1274744182=https://twitter.com/AhSuCilginUzman/status/1569589330544398336&entry.653903203=22534&usp=pp_url
",Neutral,Yes,Yes,No,"['Terrorism', 'Nationalsecurity']"
1585651759204208642,"https://docs.google.com/forms/d/e/1FAIpQLSffZugycOX3tUHW3uGhn5Cw0pj0fJDeIQf5oJ3EzZ-2vuj6Gg/viewform?entry.1274744182=https://twitter.com/Seyhannky/status/1585651759204208642&entry.653903203=22534&usp=pp_url
",Neutral,Yes,Yes,No,['Unemployment']
1356926480605982728,"https://docs.google.com/forms/d/e/1FAIpQLSffZugycOX3tUHW3uGhn5Cw0pj0fJDeIQf5oJ3EzZ-2vuj6Gg/viewform?entry.1274744182=https://twitter.com/Mucahityilmz61/status/1356926480605982728&entry.653903203=22534&usp=pp_url
",Positive,Yes,No,No,['Advertisement']
1594246341969985544,"https://docs.google.com/forms/d/e/1FAIpQLSffZugycOX3tUHW3uGhn5Cw0pj0fJDeIQf5oJ3EzZ-2vuj6Gg/viewform?entry.1274744182=https://twitter.com/ibrahimavcu10/status/1594246341969985544&entry.653903203=22534&usp=pp_url
",Negative,Yes,Yes,No,['Economy']
1592120408073203712,"https://docs.google.com/forms/d/e/1FAIpQLSffZugycOX3tUHW3uGhn5Cw0pj0fJDeIQf5oJ3EzZ-2vuj6Gg/viewform?entry.1274744182=https://twitter.com/shingensbanner/status/1592120408073203712&entry.653903203=22534&usp=pp_url
",Negative,Yes,Yes,Yes,['Crime&justice']
1412471406449860611,"https://docs.google.com/forms/d/e/1FAIpQLSffZugycOX3tUHW3uGhn5Cw0pj0fJDeIQf5oJ3EzZ-2vuj6Gg/viewform?entry.1274744182=https://twitter.com/plus90/status/1412471406449860611&entry.653903203=22534&usp=pp_url
",Neutral,No,No,No,['News']
1370336737524916225,"https://docs.google.com/forms/d/e/1FAIpQLSffZugycOX3tUHW3uGhn5Cw0pj0fJDeIQf5oJ3EzZ-2vuj6Gg/viewform?entry.1274744182=https://twitter.com/lifesdrunk/status/1370336737524916225&entry.653903203=22534&usp=pp_url
",Negative,Yes,No,No,['Crime&justice']
1585905770381443072,"https://docs.google.com/forms/d/e/1FAIpQLSffZugycOX3tUHW3uGhn5Cw0pj0fJDeIQf5oJ3EzZ-2vuj6Gg/viewform?entry.1274744182=https://twitter.com/GeneciNihal/status/1585905770381443072&entry.653903203=22534&usp=pp_url
",Neutral,Yes,Yes,No,['Democracy']
